"index","associated_dis","associated_dis2","country_name","dis_subtype","dis_type","disaster_no","end_date","insur_dam","iso","location","start_date","total_affected","total_dam","total_deaths"
0,"--","--","Philippines","Tropical cyclone","Storm","1905-0004","21/09/1905","0","PHL","Central","21/09/1905","0","0","240"
1,"--","--","Philippines","Tropical cyclone","Storm","1912-0010","/10/1912","0","PHL","Cebu","/10/1912","0","10000","0"
2,"--","--","Philippines","Tropical cyclone","Storm","1931-0008","07/08/1931","0","PHL","West Luzon","07/08/1931","0","0","0"
3,"--","--","Philippines","Tropical cyclone","Storm","1932-0003","29/04/1932","0","PHL","Sulu","29/04/1932","2500","0","147"
4,"--","--","Philippines","Tropical cyclone","Storm","1934-0010","15/10/1934","0","PHL","Manila, Bulcan","15/10/1934","0","0","0"
5,"--","--","Philippines","Tropical cyclone","Storm","1934-0011","10/11/1934","0","PHL","Samar, Tayabas","10/11/1934","0","0","85"
6,"--","--","Philippines","Tropical cyclone","Storm","1936-0008","05/10/1936","0","PHL","Luzon","05/10/1936","0","0","517"
7,"--","--","Philippines","Tropical cyclone","Storm","1937-0007","15/11/1937","0","PHL","Leyte, Mindoro","15/11/1937","0","0","231"
8,"--","--","Philippines","Tropical cyclone","Storm","1938-0006","04/12/1938","0","PHL","Samar, South Luzon","04/12/1938","0","0","305"
9,"--","--","Philippines","Tropical cyclone","Storm","1940-0013","03/12/1940","0","PHL","Cantanduanes, Bondoc","03/12/1940","0","0","73"
10,"--","--","Philippines","Tropical cyclone","Storm","1946-0024","/11/1946","0","PHL","","/11/1946","0","0","260"
11,"--","--","Philippines","Tropical cyclone","Storm","1949-0014","31/10/1949","0","PHL","Cebu City, Negros, Panay","31/10/1949","0","0","1000"
12,"--","--","Philippines","Tropical cyclone","Storm","1951-0011","24/04/1951","0","PHL","Samar, South Luzon","24/04/1951","0","0","156"
13,"--","--","Philippines","Tropical cyclone","Storm","1951-0021","15/11/1951","0","PHL","Visayas, Bicol","15/11/1951","0","0","87"
14,"--","--","Philippines","Tropical cyclone","Storm","1951-0024","09/12/1951","0","PHL","Central","09/12/1951","60000","0","569"
15,"--","--","Philippines","Tropical cyclone","Storm","1952-0003","28/06/1952","0","PHL","Central","28/06/1952","103","0","19"
16,"--","--","Philippines","Tropical cyclone","Storm","1952-0008","16/10/1952","0","PHL","Central","16/10/1952","349","50000","995"
17,"--","--","Philippines","--","Storm","1955-0034","/01/1955","0","PHL","","/01/1955","0","0","51"
18,"--","--","Philippines","--","Storm","1955-0048","/11/1955","0","PHL","","/11/1955","0","0","93"
19,"--","--","Philippines","--","Storm","1956-0036","/07/1956","0","PHL","","/07/1956","0","0","50"
20,"--","--","Philippines","Tropical cyclone","Storm","1956-0052","/12/1956","0","PHL","","/12/1956","0","0","79"
21,"--","--","Philippines","Tropical cyclone","Storm","1957-0032","/07/1957","0","PHL","","/07/1957","0","0","89"
22,"--","--","Philippines","Tropical cyclone","Storm","1959-0049","/12/1959","0","PHL","","/12/1959","0","0","29"
23,"--","--","Philippines","Tropical cyclone","Storm","1960-0012","22/04/1960","0","PHL","South Wet of Manilla","22/04/1960","0","2000","56"
24,"--","--","Philippines","Tropical cyclone","Storm","1960-0019","24/05/1960","0","PHL","Luzon","24/05/1960","0","0","234"
25,"--","--","Philippines","Tropical cyclone","Storm","1960-0020","23/06/1960","0","PHL","South Luzon","23/06/1960","50000","0","100"
26,"--","--","Philippines","Tropical cyclone","Storm","1960-0028","03/10/1960","0","PHL","Central, South Luzon","03/10/1960","375000","0","150"
27,"--","--","Philippines","Tropical cyclone","Storm","1960-0029","08/10/1960","0","PHL","Luzon","08/10/1960","0","30000","58"
28,"--","--","Philippines","--","Storm","1960-0053","/08/1960","0","PHL","","/08/1960","0","0","33"
29,"--","--","Philippines","Tropical cyclone","Storm","1962-0029","/07/1962","0","PHL","","/07/1962","0","0","41"
30,"--","--","Philippines","Tropical cyclone","Storm","1962-0032","/08/1962","0","PHL","","/08/1962","0","0","156"
31,"--","--","Philippines","Tropical cyclone","Storm","1963-0017","10/08/1963","0","PHL","North Luzon","10/08/1963","2000","0","1"
32,"--","--","Philippines","Tropical cyclone","Storm","1964-0037","29/06/1964","0","PHL","South, Central Luzon","29/06/1964","924288","8000","56"
33,"--","--","Philippines","Tropical cyclone","Storm","1964-0065","19/11/1964","0","PHL","North Mindanao, South Luzon","19/11/1964","301258","35000","580"
34,"--","--","Philippines","Tropical cyclone","Storm","1965-0042","12/07/1965","0","PHL","Cotabato, Luzon","12/07/1965","0","0","37"
35,"--","--","Philippines","Tropical cyclone","Storm","1966-0091","28/12/1966","0","PHL","Visayas, South Luzon","28/12/1966","286000","1000","18"
36,"--","--","Philippines","Tropical cyclone","Storm","1967-0071","03/11/1967","0","PHL","Samar Island, Visayas, Bicol, Southern Tagalog, Central Luzon","03/11/1967","137000","26500","107"
37,"--","--","Philippines","Tropical cyclone","Storm","1968-0065","17/08/1968","0","PHL","Luzon","17/08/1968","0","0","0"
38,"--","--","Philippines","Tropical cyclone","Storm","1968-0083","22/11/1968","0","PHL","South Visayas, Samar, Luzon","22/11/1968","226643","9600","50"
39,"--","--","Philippines","Tropical cyclone","Storm","1969-0080","21/07/1969","0","PHL","North","21/07/1969","0","0","11"
40,"--","--","Philippines","Tropical cyclone","Storm","1970-0043","31/08/1970","0","PHL","(1) Bulacan, Pampg (Manila) - (2) Aurora (Quezon province)","31/08/1970","145200","2353","137"
41,"--","--","Philippines","Tropical cyclone","Storm","1970-0056","13/10/1970","0","PHL","(1) Bicol area, (2) Mindanao","13/10/1970","1214985","85500","1551"
42,"--","--","Philippines","Tropical cyclone","Storm","1970-0064","19/11/1970","0","PHL","Manila (Quezon province)","19/11/1970","432075","97656","786"
43,"--","--","Philippines","Tropical cyclone","Storm","1970-0076","04/09/1970","0","PHL","","04/09/1970","0","0","42"
44,"--","--","Philippines","Tropical cyclone","Storm","1970-0077","08/09/1970","0","PHL","","08/09/1970","1326","598","0"
45,"--","--","Philippines","Tropical cyclone","Storm","1970-0078","12/09/1970","0","PHL","","12/09/1970","1593","12110","575"
46,"--","--","Philippines","Tropical cyclone","Storm","1970-0079","16/09/1970","0","PHL","","16/09/1970","76","47397","631"
47,"--","--","Philippines","Tropical cyclone","Storm","1970-0080","17/11/1970","0","PHL","","17/11/1970","17292","12785","80"
48,"--","--","Philippines","Tropical cyclone","Storm","1971-0026","22/04/1971","0","PHL","Visayas, Palawan","22/04/1971","0","700","95"
49,"--","--","Philippines","Tropical cyclone","Storm","1971-0036","24/05/1971","0","PHL","Central","24/05/1971","32503","590","57"
50,"--","--","Philippines","Tropical cyclone","Storm","1971-0054","02/10/1971","0","PHL","Central","02/10/1971","12000","0","37"
51,"--","--","Philippines","Tropical cyclone","Storm","1971-0055","09/10/1971","0","PHL","North Luzon","09/10/1971","2008","0","57"
52,"--","--","Philippines","Tropical cyclone","Storm","1972-0015","06/01/1972","0","PHL","Visayan Islands","06/01/1972","28","23000","204"
53,"--","--","Philippines","Tropical cyclone","Storm","1972-0040","23/06/1972","0","PHL","South Luzon","23/06/1972","385000","15000","131"
54,"--","--","Philippines","Tropical cyclone","Storm","1972-0064","03/12/1972","0","PHL","South, Misamis province","03/12/1972","107650","10000","100"
55,"--","--","Philippines","Tropical cyclone","Storm","1973-0042","04/10/1973","0","PHL","Northern Luzon","04/10/1973","0","2000","26"
56,"--","--","Philippines","Tropical cyclone","Storm","1973-0044","14/10/1973","0","PHL","Central Luzon","14/10/1973","45000","5000","50"
57,"--","--","Philippines","Tropical cyclone","Storm","1973-0049","20/11/1973","0","PHL","(1) Central, (2) Capiz province","20/11/1973","3400024","0","270"
58,"--","--","Philippines","Tropical cyclone","Storm","1974-0029","08/06/1974","0","PHL","Luzon","08/06/1974","1367","1000","106"
59,"--","--","Philippines","Tropical cyclone","Storm","1974-0038","17/07/1974","0","PHL","Luzon","17/07/1974","2556","2000","21"
60,"--","--","Philippines","Tropical cyclone","Storm","1974-0051","10/10/1974","0","PHL","North Luzon","10/10/1974","7182","9200","26"
61,"--","--","Philippines","Tropical cyclone","Storm","1974-0052","15/10/1974","0","PHL","Luzon","15/10/1974","7785","11600","13"
62,"--","--","Philippines","Tropical cyclone","Storm","1974-0054","25/10/1974","0","PHL","Luzon","25/10/1974","55625","21000","23"
63,"--","--","Philippines","Tropical cyclone","Storm","1974-0056","04/11/1974","0","PHL","North Luzon","04/11/1974","24138","3200","3"
64,"--","--","Philippines","Tropical cyclone","Storm","1974-0058","23/11/1974","0","PHL","South Luzon","23/11/1974","5000","7300","11"
65,"--","--","Philippines","Tropical cyclone","Storm","1975-0077","22/01/1975","0","PHL","Mindanao","22/01/1975","5224","2161","39"
66,"--","--","Philippines","Tropical cyclone","Storm","1976-0038","17/05/1976","0","PHL","Luzon, Manila","17/05/1976","2700000","85000","274"
67,"--","--","Philippines","Tropical cyclone","Storm","1976-0086","22/06/1976","0","PHL","","22/06/1976","2812","84100","3"
68,"--","--","Philippines","Tropical cyclone","Storm","1976-0089","02/12/1976","0","PHL","","02/12/1976","1758","9326","110"
69,"--","--","Philippines","--","Storm","1977-0086","18/07/1977","0","PHL","Central, North","18/07/1977","2500","0","0"
70,"--","--","Philippines","Tropical cyclone","Storm","1977-0119","15/09/1977","0","PHL","Northern","15/09/1977","5000","800","60"
71,"--","--","Philippines","Tropical cyclone","Storm","1977-0134","14/11/1977","0","PHL","North Luzon","14/11/1977","148935","3600","40"
72,"--","--","Philippines","Tropical cyclone","Storm","1977-0155","16/07/1977","0","PHL","","16/07/1977","863","0","4"
73,"--","--","Philippines","Tropical cyclone","Storm","1977-0157","17/08/1977","0","PHL","","17/08/1977","921","25","0"
74,"--","--","Philippines","Tropical cyclone","Storm","1978-0058","22/04/1978","0","PHL","Central","22/04/1978","2500","0","0"
75,"--","--","Philippines","Tropical cyclone","Storm","1978-0124","09/10/1978","0","PHL","Manila","09/10/1978","50000","0","59"
76,"--","--","Philippines","Tropical cyclone","Storm","1978-0126","26/10/1978","0","PHL","Central Luzon, Manilla","26/10/1978","1500749","115000","340"
77,"--","--","Philippines","Tropical cyclone","Storm","1978-0158","18/04/1978","0","PHL","","18/04/1978","81842","33254","66"
78,"--","--","Philippines","Tropical cyclone","Storm","1978-0159","09/08/1978","0","PHL","Luzon (including Manila)","09/08/1978","42414","3515","49"
79,"--","--","Philippines","Tropical cyclone","Storm","1978-0160","20/08/1978","0","PHL","","20/08/1978","150943","11809","47"
80,"--","--","Philippines","Tropical cyclone","Storm","1978-0161","24/09/1978","0","PHL","","24/09/1978","23901","13989","32"
81,"--","--","Philippines","Tropical cyclone","Storm","1978-0162","07/10/1978","0","PHL","","07/10/1978","6184","11893","24"
82,"--","--","Philippines","Tropical cyclone","Storm","1978-0165","14/12/1978","0","PHL","","14/12/1978","381","624","0"
83,"--","--","Philippines","Tropical cyclone","Storm","1979-0040","15/04/1979","0","PHL","Leyte","15/04/1979","524549","10000","18"
84,"--","--","Philippines","Tropical cyclone","Storm","1979-0077","12/08/1979","0","PHL","Northern","12/08/1979","10001","0","6"
85,"--","--","Philippines","Tropical cyclone","Storm","1979-0133","09/08/1979","0","PHL","","09/08/1979","41138","6100","24"
86,"--","--","Philippines","Tropical cyclone","Storm","1979-0134","16/09/1979","0","PHL","","16/09/1979","3722","9733","8"
87,"--","--","Philippines","Tropical cyclone","Storm","1979-0137","04/11/1979","0","PHL","","04/11/1979","6111","617","6"
88,"--","--","Philippines","Tropical cyclone","Storm","1980-0067","21/07/1980","0","PHL","Northern","21/07/1980","600000","15400","31"
89,"--","--","Philippines","Tropical cyclone","Storm","1980-0070","25/07/1980","0","PHL","Cagayan Valley (Northwestern)","25/07/1980","190000","0","40"
90,"--","--","Philippines","Tropical cyclone","Storm","1980-0099","06/11/1980","0","PHL","North and Central Luzon","06/11/1980","1004000","102300","101"
91,"--","--","Philippines","Tropical cyclone","Storm","1980-0132","20/03/1980","0","PHL","","20/03/1980","665","402","4"
92,"--","--","Philippines","Tropical cyclone","Storm","1980-0133","07/05/1980","0","PHL","","07/05/1980","3063","289","0"
93,"--","--","Philippines","Tropical cyclone","Storm","1980-0136","19/07/1980","0","PHL","","19/07/1980","69237","0","36"
94,"--","--","Philippines","--","Storm","1981-0060","/07/1981","0","PHL","Albay province","/07/1981","32","2000","214"
95,"--","--","Philippines","Tropical cyclone","Storm","1981-0062","04/07/1981","0","PHL","Oriental Mindoro","04/07/1981","28500","0","0"
96,"--","--","Philippines","Tropical cyclone","Storm","1981-0083","20/09/1981","0","PHL","Northern Luzon","20/09/1981","21905","6700","55"
97,"--","--","Philippines","Tropical cyclone","Storm","1981-0101","25/11/1981","0","PHL","","25/11/1981","840173","35000","261"
98,"--","--","Philippines","Tropical cyclone","Storm","1981-0112","25/12/1981","0","PHL","Samar, Mindoro, Luzon","25/12/1981","180000","26000","250"
99,"--","--","Philippines","Tropical cyclone","Storm","1981-0134","28/06/1981","0","PHL","","28/06/1981","15478","7609","210"
100,"--","--","Philippines","Tropical cyclone","Storm","1981-0136","16/08/1981","0","PHL","","16/08/1981","9721","12908","5"
101,"--","--","Philippines","Tropical cyclone","Storm","1981-0138","17/11/1981","0","PHL","","17/11/1981","5736","167","4"
102,"--","--","Philippines","Tropical cyclone","Storm","1982-0037","22/03/1982","0","PHL","S.E./N. Mindanao","22/03/1982","16000","0","117"
103,"--","--","Philippines","Tropical cyclone","Storm","1982-0038","23/03/1982","0","PHL","Central province","23/03/1982","789031","69000","151"
104,"--","--","Philippines","Tropical cyclone","Storm","1982-0093","25/08/1982","0","PHL","West","25/08/1982","25967","6500","70"
105,"--","--","Philippines","Tropical cyclone","Storm","1982-0101","05/09/1982","0","PHL","C./S. Luzon","05/09/1982","50008","0","65"
106,"--","--","Philippines","Tropical cyclone","Storm","1982-0111","12/10/1982","0","PHL","North Luzon","12/10/1982","64179","32000","96"
107,"--","--","Philippines","Tropical cyclone","Storm","1982-0173","18/03/1982","0","PHL","","18/03/1982","25099","2400","25"
108,"--","--","Philippines","Tropical cyclone","Storm","1982-0174","12/07/1982","0","PHL","","12/07/1982","12319","4500","10"
109,"--","--","Philippines","Tropical cyclone","Storm","1982-0175","20/08/1982","0","PHL","","20/08/1982","36927","4200","29"
110,"--","--","Philippines","Tropical cyclone","Storm","1982-0176","02/12/1982","0","PHL","Visayan Sea region","02/12/1982","85","5","0"
111,"--","--","Philippines","Tropical cyclone","Storm","1983-0096","14/07/1983","0","PHL","Southeast Luzon","14/07/1983","149892","1640","115"
112,"--","--","Philippines","Tropical cyclone","Storm","1983-0219","03/09/1983","0","PHL","","03/09/1983","1684","430","3"
113,"--","--","Philippines","Tropical cyclone","Storm","1983-0220","17/11/1983","0","PHL","","17/11/1983","18854","2250","8"
114,"--","--","Philippines","Convective storm","Storm","1983-0254","16/09/1983","0","PHL","Bohol","16/09/1983","100","0","2"
115,"--","--","Philippines","Tropical cyclone","Storm","1984-0073","27/08/1984","0","PHL","Northern Luzon, Pangasinan province","27/08/1984","483747","23000","138"
116,"--","--","Philippines","Tropical cyclone","Storm","1984-0105","03/11/1984","0","PHL","Capiz, Ilailo, Aklau, Antique, Leyte, Eastern Samar, Roxas, Tacloban","03/11/1984","2261900","96600","1079"
117,"--","--","Philippines","Tropical cyclone","Storm","1984-0185","01/09/1984","0","PHL","Surigao del Norte, Bohol Isl, Mindanao, Negros Occidental, Cebu provinces","01/09/1984","1786865","216700","1399"
118,"--","--","Philippines","Tropical cyclone","Storm","1984-0186","23/10/1984","0","PHL","","23/10/1984","2694","190","63"
119,"--","--","Philippines","Tropical cyclone","Storm","1985-0124","15/10/1985","0","PHL","Aurora, Nueva Ecija, Tarlac, Bur Lacan provinces (Central Luzon)","15/10/1985","1183626","62373","81"
120,"--","--","Philippines","Tropical cyclone","Storm","1985-0190","20/06/1985","0","PHL","Luzon, Ilocos Sur, Ilocos Norte, Benguet, Nueva Ecija, Bataan, Zambales, Vigan, Bantay, San Esteban, Laoag, Bagio city, Pampanga","20/06/1985","420200","20000","100"
121,"--","--","Philippines","Tropical cyclone","Storm","1985-0192","01/09/1985","0","PHL","","01/09/1985","148","660","5"
122,"--","--","Philippines","Tropical cyclone","Storm","1986-0080","09/07/1986","0","PHL","Ilocos, centra Luzon, Southern Tagalos, Metro Manilla","09/07/1986","647313","30710","109"
123,"--","--","Philippines","Tropical cyclone","Storm","1986-0104","02/09/1986","0","PHL","Pangasinan, Bataan, Bulacan, Pampanga, Benguet, Abra, Zambales, Metro Manila","02/09/1986","482704","13150","23"
124,"--","--","Philippines","Tropical cyclone","Storm","1986-0122","06/10/1986","0","PHL","Muntinlupa, Metro Manila, Bulacan","06/10/1986","82555","1200","22"
125,"--","--","Philippines","Tropical cyclone","Storm","1986-0151","10/10/1986","0","PHL","","10/10/1986","3134","1400","4"
126,"--","--","Philippines","Tropical cyclone","Storm","1986-0152","17/10/1986","0","PHL","","17/10/1986","308","36000","2"
127,"--","--","Philippines","Tropical cyclone","Storm","1986-0153","20/12/1986","0","PHL","","20/12/1986","26722","4000","16"
128,"--","--","Philippines","Tropical cyclone","Storm","1987-0146","08/08/1987","0","PHL","Batangas, Laguna, Bicol, Mindoro, Cavite, Luzon","08/08/1987","1269825","98600","85"
129,"--","--","Philippines","Tropical cyclone","Storm","1987-0197","21/10/1987","0","PHL","Cagayan, Ilocos Norte, Kalin-Aapayo province","21/10/1987","78979","25000","100"
130,"--","--","Philippines","Tropical cyclone","Storm","1987-0212","23/11/1987","0","PHL","Region IV, Marinduque, Quezon, Laguna, Batangas, Region V,  Sorgoson, Albay, Battan, Cavite, Masbaten Camarines Sur, Leyte, Northern Samar","23/11/1987","1819112","56000","882"
131,"--","--","Philippines","Tropical cyclone","Storm","1987-0239","13/08/1987","0","PHL","","13/08/1987","13336","5600","5"
132,"--","--","Philippines","Tropical cyclone","Storm","1987-0240","14/12/1987","0","PHL","","14/12/1987","56380","8500","22"
133,"--","--","Philippines","Tropical cyclone","Storm","1988-0231","30/05/1988","0","PHL","","30/05/1988","56000","1000","36"
134,"--","--","Philippines","Tropical cyclone","Storm","1988-0312","16/07/1988","0","PHL","Northern Luzon","16/07/1988","117355","11516","6"
135,"--","--","Philippines","Convective storm","Storm","1988-0477","21/10/1988","0","PHL","Mindanao/Misamis Oriental","21/10/1988","20000","0","0"
136,"--","--","Philippines","Tropical cyclone","Storm","1988-0480","21/10/1988","0","PHL","Tarlac, Southern Tagalog, Metro Manila, Albay, Cebu, Cagayan de Oro provinces","21/10/1988","3250208","240500","416"
137,"--","--","Philippines","Tropical cyclone","Storm","1988-0506","05/11/1988","0","PHL","Manilla, Tagalog, Bicol, western Visayas","05/11/1988","1045029","149060","289"
138,"--","--","Philippines","Tropical cyclone","Storm","1988-0557","01/11/1988","0","PHL","","01/11/1988","28913","940","41"
139,"--","--","Philippines","Tropical cyclone","Storm","1989-0120","15/07/1989","0","PHL","Ilocos Sur, Ilocos Norte, Cagayan, Isabela, Nueva Vizcaya, La Union","15/07/1989","486382","61000","97"
140,"--","--","Philippines","Tropical cyclone","Storm","1989-0125","09/10/1989","0","PHL","Albay, Bataan, Batangas, Bulacan, Camarines norte, Camarnies Sur, Cavite, Esatern Samar, Laguna, Marinduque, Masbate, Northern Leyte, Northern Samar, Nueva Ecija, Pampanga, Quezon, Rizal, Samar, Sorgoson, southern Leyte, Zambales, national capital region","09/10/1989","736605","59200","58"
141,"--","--","Philippines","Tropical cyclone","Storm","1989-0126","14/10/1989","0","PHL","Bataan, Benguet, Ifugao, Isabela, Kalinga-Apayao, La Union, Nueva Vizcaya, Pangasinan, Cagayan, Ilocios Sur, Neava Ecija, Quirino provinces, National capital region","14/10/1989","458679","35400","30"
142,"--","--","Philippines","Tropical cyclone","Storm","1989-0127","02/10/1989","0","PHL","Cagayan, Ilocos Norte, Kalinga-Apayao, Nueva Viscayas provinces","02/10/1989","289191","8000","147"
143,"--","--","Philippines","Tropical cyclone","Storm","1989-0129","07/09/1989","0","PHL","Benguet, Ilocos Norte, Ilocos Sur, Kalinga Apayao, La Union, Zambales","07/09/1989","140021","4300","22"
144,"--","--","Philippines","Tropical cyclone","Storm","1989-0132","22/11/1989","0","PHL","Battan, Bulacan, Pampanga, North Metro Manila, Calauag Popillio Isl., northern Samar, Neava Ecija, Quezon, Rizal, Tarlac provinces","22/11/1989","13050","325","11"
145,"--","--","Philippines","Tropical cyclone","Storm","1989-0187","15/05/1989","0","PHL","","15/05/1989","12937","2860","13"
146,"--","--","Philippines","Tropical cyclone","Storm","1990-0025","22/06/1990","0","PHL","North and Eastern Luzon","22/06/1990","160014","0","64"
147,"--","--","Philippines","Tropical cyclone","Storm","1990-0122","16/11/1990","0","PHL","Samar, Masbate provinces, Palwan, Iloilo, Negros occidental, Cebu","12/11/1990","6159569","388500","503"
148,"--","--","Philippines","Tropical cyclone","Storm","1990-0400","28/08/1990","0","PHL","","28/08/1990","0","0","85"
149,"--","--","Philippines","Tropical cyclone","Storm","1990-0401","30/08/1990","0","PHL","North","30/08/1990","0","0","85"
150,"--","--","Philippines","Tropical cyclone","Storm","1990-0687","08/09/1990","0","PHL","","08/09/1990","0","0","0"
151,"--","--","Philippines","Tropical cyclone","Storm","1991-0174","22/07/1991","0","PHL","Near Tuguegaro (Pinatubo region)","22/07/1991","10000","0","2"
152,"--","--","Philippines","Tropical cyclone","Storm","1991-0382","27/10/1991","19900","PHL","Luzon Isl.","27/10/1991","316038","90000","65"
153,"Flood","Slide (land, mud, sn","Philippines","Tropical cyclone","Storm","1991-0383","08/11/1991","0","PHL","Bago, La Cariota, Bacalod (Negros) and  Leyte","05/11/1991","647254","100000","5956"
154,"--","--","Philippines","Tropical cyclone","Storm","1991-0517","10/07/1991","0","PHL","Catanduanes, Albay, Quezon Provinces (Southern Luzon Isl.)","10/07/1991","505777","85000","47"
155,"--","--","Philippines","Tropical cyclone","Storm","1991-0521","18/07/1991","0","PHL","Pampanga, Tarlac provinces","18/07/1991","2500","0","4"
156,"--","--","Philippines","Tropical cyclone","Storm","1991-0525","26/07/1991","0","PHL","Concepcion, Floridablanca, Manila","26/07/1991","90296","0","9"
157,"Transport accident","--","Philippines","Tropical cyclone","Storm","1992-0295","12/07/1992","0","PHL","Aurora, Zambales, Nueva Ecija, Nueva Vizcaya, Pangasinan, La Union, Benguet, Ifugao, Isabela, Tarlac provinces","11/07/1992","5135","0","22"
158,"Flood","Slide (land, mud, sn","Philippines","Tropical cyclone","Storm","1992-0296","20/07/1992","0","PHL","Regions III and NCR","20/07/1992","134494","0","42"
159,"--","--","Philippines","--","Storm","1992-0491","16/08/1992","0","PHL","Regions III, IV and NCR","16/08/1992","733096","0","26"
160,"--","--","Philippines","Tropical cyclone","Storm","1992-0492","31/08/1992","0","PHL","Luzon Isl.","31/08/1992","173569","0","11"
161,"--","--","Philippines","Tropical cyclone","Storm","1993-0055","26/06/1993","0","PHL","Cordillera autonomous region (including Bagio city), Regions I-IV (including Metro Manilla)","26/06/1993","43735","442","2"
162,"--","--","Philippines","Tropical cyclone","Storm","1993-0077","04/10/1993","0","PHL","Pampanga, Nueva Viscaya, Tarlac, Cagayan, Cavite, Bataan, Bulacan, Pangasinan, Nueva Ecija, Metro Manilla provinces","04/10/1993","1941566","188000","124"
163,"--","--","Philippines","Tropical cyclone","Storm","1993-0087","06/12/1993","0","PHL","Catanduanes, Camarines Sur, Camarines Norte, Albay, Marinduque, Mindoro Oriental, Quezon, Laguna, Batangas, Rizal provinces (Bicol peninsula, Luzon)   Visayas, Masbate, Sorgoson, Occidental Mindoro, Romblon","06/12/1993","1159802","50000","311"
164,"--","--","Philippines","Tropical cyclone","Storm","1993-0088","23/11/1993","0","PHL","","20/11/1993","0","2000","1"
165,"--","--","Philippines","Tropical cyclone","Storm","1993-0228","26/12/1993","0","PHL","Capiz, iloilo, Negros Oriental, Bohol, Cebu, Agusan del Norte, Cagayan de Oro, Caniguin, Southern Leyte, Surigao del Norte, Davao del Norte, Misamis Oriental","26/12/1993","366224","17000","52"
166,"--","--","Philippines","--","Storm","1993-0298","/02/1993","0","PHL","Leyte","/02/1993","70000","40000","28"
167,"--","--","Philippines","--","Storm","1994-0010","06/01/1994","0","PHL","Albay, Sorsogon, Palawan, Marinduque Provinces","06/01/1994","73558","2400","62"
168,"--","--","Philippines","Tropical cyclone","Storm","1994-0034","09/04/1994","0","PHL","Negros Occidental, Cebu, Surigao del Sur, Palawan, Calaian","09/04/1994","105746","0","15"
169,"--","--","Philippines","Tropical cyclone","Storm","1994-0071","19/07/1994","0","PHL","Pampanga, Bulacan, Bataan, Zambales, Tarlac, Ilocos Sur, Olongapo, Angeles","19/07/1994","420728","37600","11"
170,"Flood","--","Philippines","Tropical cyclone","Storm","1994-0072","16/07/1994","0","PHL","La Union, Pangasinan, Ilocos Sur, Ilocos Norte provinces, Laoag city (Luzon)","10/07/1994","166585","1000","17"
171,"--","--","Philippines","Tropical cyclone","Storm","1994-0073","23/06/1994","0","PHL","Metro Manila, Aurora, Nueva Ecija, Pampanga, Tarlac, Zambales provinces (Luzon)","23/06/1994","23952","0","2"
172,"--","--","Philippines","Tropical cyclone","Storm","1994-0074","02/08/1994","0","PHL","Pampanga, Zambales, Metro Manila (Luzon)","02/08/1994","14000","0","11"
173,"--","--","Philippines","Tropical cyclone","Storm","1994-0215","10/09/1994","0","PHL","Papoay, San Nicolas, Pasuquin municipalities (locos Norte province), Cagayan province","10/09/1994","54674","3900","7"
174,"--","--","Philippines","Tropical cyclone","Storm","1994-0313","15/07/1994","0","PHL","Pinatubo, Luzon","15/07/1994","0","1700","39"
175,"Flood","--","Philippines","Tropical cyclone","Storm","1994-0519","22/10/1994","0","PHL","Arora, Quezon, Laguna, Batangas, Rizal, Cavite, Bulacan, Bataan, Oriental Mindoro, Occidental Mindoro provinces (Luzon)","18/10/1994","258751","67400","32"
176,"Flood","Broken Dam/Burst ban","Philippines","Tropical cyclone","Storm","1994-0594","23/12/1994","0","PHL","Leyte, Cebu Isl., Surigao, Luzon, Iloilo, Bacolod","19/12/1994","867923","26813","49"
177,"--","--","Philippines","Tropical cyclone","Storm","1994-0756","07/07/1994","0","PHL","Kalinga-Apayao province","07/07/1994","5300","0","3"
178,"--","--","Philippines","Tropical cyclone","Storm","1995-0187","28/08/1995","0","PHL","Regions I, II, III, IV, V, Metro Manilla","28/08/1995","195886","0","6"
179,"Slide (land, mud, sn","Flood","Philippines","--","Storm","1995-0199","04/09/1995","0","PHL","Pampanga, Sultan Kudarat provinces","04/09/1995","19655","394","20"
180,"Flood","Slide (land, mud, sn","Philippines","Tropical cyclone","Storm","1995-0247","26/10/1995","0","PHL","Pampanga, Pangasinan, Bulacan, Laguna, Marinduque, Quezon, Barangas, Cavite, Albay, Antique, Cebu, Leyte, Siquijor, Bukidnon provinces and National Capital region","09/10/1995","864437","38100","184"
181,"--","--","Philippines","Tropical cyclone","Storm","1995-0271","03/11/1995","0","PHL","Luzon, Visayas, Calauag","03/11/1995","1599588","244000","882"
182,"Flood","--","Philippines","Tropical cyclone","Storm","1995-0272","01/11/1995","0","PHL","Leyte, Samar, Central Visayas, Panays Islands, Palawan","28/10/1995","348053","30000","146"
183,"--","--","Philippines","--","Storm","1995-0306","25/12/1995","0","PHL","Agusan, Surigao, Leyte, Samar","25/12/1995","229193","0","11"
184,"Flood","--","Philippines","Tropical cyclone","Storm","1995-0486","31/07/1995","0","PHL","Pampanga, Zambales, Tarlac (Luzon province)","29/07/1995","20000","5000","0"
185,"--","--","Philippines","Tropical cyclone","Storm","1996-0108","15/07/1996","0","PHL","Quzeon, Aurora, Quirino, Nueva Vizcaya, Isabela, Cagayan, Batanes, La Union, Ilocos Norte, Ilocos Sur (Luzon Isl.)","15/07/1996","36828","38000","26"
186,"--","--","Philippines","--","Storm","1996-0257","06/11/1996","0","PHL","Cebu, Bocolod","06/11/1996","800","4150","12"
187,"--","--","Philippines","Tropical cyclone","Storm","1997-0180","19/08/1997","0","PHL","All country","18/08/1997","53659","5000","18"
188,"Flood","Slide (land, mud, sn","Philippines","Tropical cyclone","Storm","1997-0203","26/05/1997","0","PHL","Manilla, Luzon","24/05/1997","309111","2500","30"
189,"--","--","Philippines","Tropical cyclone","Storm","1997-0252","20/10/1997","0","PHL","Cagayan Prov.","20/10/1997","4000","0","1"
190,"--","--","Philippines","Tropical cyclone","Storm","1998-0296","18/09/1998","0","PHL","North and Central Luzon Isl., cordillera Autonomous Region, central Visayas Isl., National Capital Region","18/09/1998","1749436","87038","118"
191,"--","--","Philippines","Tropical cyclone","Storm","1998-0309","18/10/1998","0","PHL","Town Of Tabuk  Level 2 = Kalinga-Apayao (from GENAME)","13/10/1998","1344619","50000","75"
192,"--","--","Philippines","Tropical cyclone","Storm","1998-0314","21/10/1998","0","PHL","Albay ","21/10/1998","3902424","71000","332"
193,"--","--","Philippines","Tropical cyclone","Storm","1998-0404","11/12/1998","0","PHL","E  and W Samar, Cagayan, Pampanga, Bulacan, Isabela, Quenzon, W Mindoro, Palawan, Masbate, Albay, Sorsogon, Catanduanes, Aklan, Capiz, Antique, Iloilo, Leyte","11/12/1998","326520","27399","69"
194,"--","--","Philippines","Tropical cyclone","Storm","1999-0390","05/10/1999","0","PHL","Provinces Of Cagayan, Ilocos, Sur, Pangasinan, La Union","05/10/1999","41933","1800","7"
195,"--","--","Philippines","--","Storm","1999-0723","06/06/1999","0","PHL","Regions II - Batanes","01/06/1999","1601","0","0"
196,"--","--","Philippines","--","Storm","1999-0724","06/06/1999","0","PHL","Region III - Zambales","04/06/1999","1135","2210","0"
197,"--","--","Philippines","--","Storm","1999-0725","01/08/1999","0","PHL","Region III","28/07/1999","1245919","33795","47"
198,"--","--","Philippines","--","Storm","1999-0726","21/08/1999","0","PHL","Regions I, II, III and CAR","18/08/1999","35245","4007","11"
199,"--","--","Philippines","--","Storm","1999-0727","15/09/1999","0","PHL","Region III","10/09/1999","1507","0","1"
200,"--","--","Philippines","--","Storm","1999-0728","18/10/1999","0","PHL","Regions V, VIII","15/10/1999","5791","0","1"
201,"--","--","Philippines","--","Storm","1999-0729","09/11/1999","0","PHL","Regions V, VI, VII","07/11/1999","54159","14675","33"
202,"Flood","--","Philippines","Tropical cyclone","Storm","2000-0257","18/05/2000","0","PHL","Metro Manila, Central Luzon","18/05/2000","235889","1201","12"
203,"--","--","Philippines","Tropical cyclone","Storm","2000-0396","05/07/2000","0","PHL","Manilla","05/07/2000","120000","7500","11"
204,"--","--","Philippines","Tropical cyclone","Storm","2000-0397","07/07/2000","0","PHL","La Union, Pangasinan, Ilocos Norte, Ilocos Sur, Baguio City (Reg. I), Bataan, Bulacan, Pampanga, Olongapo City, Tarlac, Zambales (Reg. III), Mindoro Oriental (Reg. IV), Caloocan, Manioma, Quezon cities, Rizal (NCR), Cavite (Reg. IV), Iloilo, Negros Occidental (Reg.VI)","07/07/2000","1483321","25763","75"
205,"--","--","Philippines","Tropical cyclone","Storm","2000-0706","31/10/2000","1500","PHL","Cavite, Sorsogon, Catanduanes, Samar, Albay, Manilla (Southern Luzon)","28/10/2000","2436256","17000","154"
206,"--","--","Philippines","Tropical cyclone","Storm","2000-0715","05/11/2000","0","PHL","Rizal, Laguna, Cagayan, Nueva Vizcaya provinces, Manilal area (Luzon Isl)","03/11/2000","1747872","31000","94"
207,"--","--","Philippines","Tropical cyclone","Storm","2000-0788","03/12/2000","0","PHL","Mindanao Isl. and Central Philippines","30/11/2000","164093","1000","48"
208,"--","--","Philippines","Tropical cyclone","Storm","2001-0054","17/02/2001","0","PHL","Leyte Isl., Visayas, Mindanao","17/02/2001","100084","6000","55"
209,"--","--","Philippines","Tropical cyclone","Storm","2001-0319","/07/2001","0","PHL","Regions I, II, III, IV, VIII, Cordillera Autonomous Region (CAR), National Capital Region","/07/2001","1902654","68565","232"
210,"Flood","Slide (land, mud, sn","Philippines","Tropical cyclone","Storm","2001-0614","08/11/2001","0","PHL","Camiguin Isl., Cagayan de Oro (Mindanao Isl.)","08/11/2001","1060147","22700","290"
211,"Flood","Slide (land, mud, sn","Philippines","Tropical cyclone","Storm","2001-0758","07/12/2001","0","PHL","Cebu, Leyte Isl.","05/12/2001","54840","96","6"
212,"--","--","Philippines","--","Storm","2001-0792","19/08/2001","0","PHL","Region III","17/08/2001","295355","293","0"
213,"--","--","Philippines","--","Storm","2001-0793","27/09/2001","0","PHL","Regions I, II and CAR","22/09/2001","37357","1407","4"
214,"--","--","Philippines","Tropical cyclone","Storm","2002-0408","09/07/2002","0","PHL","Manilla","07/07/2002","700041","1000","33"
215,"--","--","Philippines","Tropical cyclone","Storm","2002-0423","13/07/2002","0","PHL","","13/07/2002","11000","5664","62"
216,"--","--","Philippines","Tropical cyclone","Storm","2002-0528","03/07/2002","0","PHL","Manilla (Luzon Isl.)","28/06/2002","3000","0","7"
217,"--","--","Philippines","--","Storm","2002-0875","20/03/2002","0","PHL","Regions VI, VII, VIII and CARGA","20/03/2002","54631","3292","42"
218,"--","--","Philippines","--","Storm","2002-0877","23/07/2002","0","PHL","Regions IV, VI","15/07/2002","19050","238","14"
219,"--","--","Philippines","--","Storm","2002-0878","14/08/2002","0","PHL","REgions III, IV, V, VI, VII, VIII, X, CARAGA","11/08/2002","194472","3340","57"
220,"Slide (land, mud, sn","Flood","Philippines","Tropical cyclone","Storm","2003-0258","30/05/2003","0","PHL","Pangasinan, La Union, Ilocos Norte, Ilocos Sur, Zambales, Battan, Cavite, Batangas, Rizal, Romblon, Occ. Mindoro, Iloilo, Bulacan Benguet provinces, Valenzuela city (Luzon Isl).  ","26/05/2003","13909","4000","51"
221,"Slide (land, mud, sn","Flood","Philippines","Tropical cyclone","Storm","2003-0290","18/06/2003","0","PHL","Sorsogon, Albay, Catanduanes, Camarines Sur (Leyte), Barangay Aslum, Naval, Biliran city (Catbalogan Biliran Island)","15/06/2003","127130","2455","13"
222,"Flood","--","Philippines","Tropical cyclone","Storm","2003-0346","23/07/2003","0","PHL","Maguindanao provinces (Autonomous Region of Muslim Mindanao), North Cobato, Sultan Kudarat (Region XII), Isabela (Region II), Ilocos Norte (Region I), Romblon (Region IV)","19/07/2003","14280","26468","21"
223,"--","--","Philippines","Tropical cyclone","Storm","2003-0822","19/07/2003","0","PHL","Regions IV , VIII","15/07/2003","116602","1499","8"
224,"--","--","Philippines","Tropical cyclone","Storm","2003-0823","31/07/2003","0","PHL","Regions V, VIII, X","30/07/2003","3748","146","0"
225,"--","--","Philippines","Tropical cyclone","Storm","2003-0824","05/08/2003","0","PHL","Region III","04/08/2003","155147","661","0"
226,"--","--","Philippines","--","Storm","2003-0825","24/08/2003","0","PHL","Region I","20/08/2003","1156","73","1"
227,"--","--","Philippines","--","Storm","2003-0826","02/09/2003","0","PHL","Regions III and NCR","30/08/2003","34289","0","1"
228,"Rain","Slide (land, mud, sn","Philippines","Tropical cyclone","Storm","2004-0218","19/05/2004","0","PHL","Bicol region","13/05/2004","714","1000","31"
229,"--","--","Philippines","Convective storm","Storm","2004-0267","10/06/2004","0","PHL","Leyte Isl.","10/06/2004","4504","0","7"
230,"Flood","--","Philippines","Tropical cyclone","Storm","2004-0309","02/07/2004","0","PHL","Cagayan, Laoag, La Union (North of Luzon Isl.), Mindanao Isl.","25/06/2004","385012","19667","28"
231,"Flood","Slide (land, mud, sn","Philippines","Tropical cyclone","Storm","2004-0435","26/08/2004","0","PHL","Pampanga, Tarlac, Bataan, Bulacan, Pangasinan, Benguet, Rizal, La Union,  Nueva Vizcaya, Nueva Ecija, Ifugao provinces (Luzon Isl)","25/08/2004","1058849","0","35"
232,"Slide (land, mud, sn","--","Philippines","Tropical cyclone","Storm","2004-0580","21/11/2004","0","PHL","Catanduanes Isl., Bicol peninsula, Mindoro Isl., Camarines Sur, Sorsogon","14/11/2004","838674","6000","104"
233,"Flood","Slide (land, mud, sn","Philippines","Tropical cyclone","Storm","2004-0602","28/11/2004","0","PHL","Aurora province (Luzon Isl)","23/11/2004","2014","0","29"
234,"Flood","Slide (land, mud, sn","Philippines","Tropical cyclone","Storm","2004-0609","30/11/2004","0","PHL","Isabela (Region II), Bulacan, Nueva Ecija, Aurora (Region III), Quezon, Rizal (Region IV), Camarines Sur (Region V) - Real, Infanta, General Nakar (Quezon province, East coast Luzon Isl.)","29/11/2004","881023","78200","1619"
235,"--","--","Philippines","Tropical cyclone","Storm","2004-0618","03/12/2004","0","PHL","Bicol","30/11/2004","70488","34000","8"
236,"--","--","Philippines","Tropical cyclone","Storm","2005-0120","17/03/2005","0","PHL","Leyste Isl.","15/03/2005","11","0","18"
237,"Slide (land, mud, sn","Flood","Philippines","Tropical cyclone","Storm","2005-0540","22/09/2005","0","PHL","Luzon, Muntinlupa, Pampanga, Gabaldon, Angono, Quezon, Aurora, Nueja Ecija, Rizal, Bicol, Ilpcos Norte ","15/09/2005","20000","2000","16"
238,"Flood","Slide (land, mud, sn","Philippines","Tropical cyclone","Storm","2006-0251","12/05/2006","0","PHL","Sogod, Macrohon (Leyte), Albay province (Bicol region, Luzon), Visayas, Tagalog, Bicol","11/05/2006","42000","3328","41"
239,"Flood","Slide (land, mud, sn","Philippines","Tropical cyclone","Storm","2006-0362","17/07/2006","0","PHL","Northern Luzon","11/07/2006","51680","3000","37"
240,"Rain","--","Philippines","Tropical cyclone","Storm","2006-0388","28/07/2006","0","PHL","Central Luzon provinces","24/07/2006","200355","471","4"
241,"--","--","Philippines","Tropical cyclone","Storm","2006-0410","06/08/2006","0","PHL","Quirino region, Northern Luzon","02/08/2006","15000","135000","6"
242,"Rain","--","Philippines","Tropical cyclone","Storm","2006-0415","02/08/2006","0","PHL","Tarlac, Zambales, Nueva Ecija","30/06/2006","476027","645","8"
243,"Flood","Slide (land, mud, sn","Philippines","Tropical cyclone","Storm","2006-0517","06/10/2006","0","PHL","Luzon, Manilla, Panay Isl.","27/09/2006","3842406","113000","228"
244,"Flood","Slide (land, mud, sn","Philippines","Tropical cyclone","Storm","2006-0600","01/11/2006","0","PHL","Quirino, Isabela, Neuva Vizcaya, Benguet, Kalinga, Aurora, La Union, Cagayan (Luzon Isl.)","30/10/2006","283021","9077","34"
245,"Slide (land, mud, sn","--","Philippines","Tropical cyclone","Storm","2006-0610","13/11/2006","0","PHL","Isabela, Auroa, Nueva Ecija (Luzon Island)","13/11/2006","21260","0","6"
246,"Slide (land, mud, sn","Flood","Philippines","Tropical cyclone","Storm","2006-0648","08/12/2006","0","PHL","Daraga town, Bicol region (Albay province), Catanduanes, Camarines, Sorgoson, Mindoro, Marinduque, Batangas, Laguna","30/11/2006","2562517","66400","1399"
247,"--","--","Philippines","Tropical cyclone","Storm","2006-0667","11/12/2006","0","PHL","Regions IV-B, V, VI, VII, VIII","11/12/2006","327542","0","42"
248,"Flood","Slide (land, mud, sn","Philippines","Tropical cyclone","Storm","2007-0346","13/08/2007","0","PHL","Metro Manilla, Luzon provinces","08/08/2007","921462","492","7"
249,"Flood","--","Philippines","Tropical cyclone","Storm","2007-0380","24/08/2007","0","PHL","Central Luzon, Southern Luzon provinces, and the Bicol region","17/08/2007","380000","492","3"
250,"Flood","--","Philippines","Tropical cyclone","Storm","2007-0457","25/09/2007","0","PHL","Negros Occidental ","17/09/2007","30000","0","2"
251,"Flood","Slide (land, mud, sn","Philippines","Tropical cyclone","Storm","2007-0463","12/10/2007","0","PHL","Ifugao, Kalinga provinces","29/09/2007","2000","0","8"
252,"--","--","Philippines","Tropical cyclone","Storm","2007-0560","06/11/2007","0","PHL","Isabela, Cagayan (Luzon)","04/11/2007","33884","2971","8"
253,"Flood","Slide (land, mud, sn","Philippines","Tropical cyclone","Storm","2007-0576","02/12/2007","0","PHL","Isabela (Luzon Isl.), Camarines Sur, Camarines Norte provinces","25/11/2007","443115","5000","29"
254,"Flood","Slide (land, mud, sn","Philippines","Tropical cyclone","Storm","2007-0578","23/11/2007","0","PHL","Central Visayans and Northern Mindanao regions","18/11/2007","35333","1000","20"
255,"Flood","Slide (land, mud, sn","Philippines","Tropical cyclone","Storm","2007-0667","30/09/2007","0","PHL","Upper Pitawan, Hingyon, Ifugao, Bagong Silangan, Payatas, Quezon city, Lun Pididu, Malapatan, Sarangani, Hinigaran, Isabela, Ilog, Vallolodid, Pontevedra, NegrosOccidental (Regions V, X, XII, CAR, NCR)","29/09/2007","12515","260","11"
256,"Flood","--","Philippines","Tropical cyclone","Storm","2007-0668","18/09/2007","0","PHL","Western section Luzon, Visayas, Mindanao regions","18/09/2007","64000","0","1"
257,"--","--","Philippines","Tropical cyclone","Storm","2008-0155","13/04/2008","0","PHL","Mindanao Island","13/04/2008","0","16000","1"
258,"Slide (land, mud, sn","Flood","Philippines","Tropical cyclone","Storm","2008-0197","18/05/2008","0","PHL","Botoloan, Pangasinan, Zambales and La Union provinces ","18/05/2008","1496668","99174","64"
259,"Flood","Slide (land, mud, sn","Philippines","Tropical cyclone","Storm","2008-0249","23/06/2008","45000","PHL","Aklan, Cebu, Cotabato, General Santos, Iloilo, Leyte, Marinduque, Masbate, Mindoro Oriental, Ormoc, Romblon, Eastern and Western Samar Island, Iloilo, Antique, Capiz, Negros Occidental ","21/06/2008","4785460","284694","644"
260,"Flood","--","Philippines","Tropical cyclone","Storm","2008-0292","29/07/2008","0","PHL","Piddig, Pasuquin - Metro Manilla (Northern Luzon), Ilocos Norte, Ilocos Sur, Abra","28/07/2008","22081","40","10"
261,"Flood","--","Philippines","Tropical cyclone","Storm","2008-0329","04/08/2008","0","PHL","Quezon city (NCR), CAR, Region I, Region III","04/08/2008","4498","0","2"
262,"--","--","Philippines","Tropical cyclone","Storm","2008-0369","22/08/2008","0","PHL","Ilocos, Cagayan, Cordillera regions (La Union, Cagayan, Benguet provinces)","22/08/2008","429463","33870","38"
263,"Slide (land, mud, sn","--","Philippines","Tropical cyclone","Storm","2008-0426","22/09/2008","0","PHL","Itogon, Central region","22/09/2008","46132","7420","37"
264,"Flood","--","Philippines","Tropical cyclone","Storm","2008-0540","11/11/2008","0","PHL","Pro, Tudela, Pilar and San Francisco (Camotes Island), Madridejos, Bantayan and Sta. Fe (Bantayan Island), Catmon, Medellin, San Remegio, Tuburan, Carmen, Tabuelan, Tabogon, Borbon, Sogod (Cebu province), Concepcion , Iloilo, Surigao Norte, Pililia Rozal, Carles, Batad - Southern Tagalog (IV), Bicol (V), Western Visayas (VI), Central Visayas (VII), Eastern Visayas (VIII)","06/11/2008","474","0","19"
265,"Flood","--","Philippines","Tropical cyclone","Storm","2008-0609","13/05/2008","0","PHL","Lambayong, Esperanza (Sultan Kudarat)","13/05/2008","8390","280","1"
266,"Flood","--","Philippines","Tropical cyclone","Storm","2008-0621","18/07/2008","0","PHL","Nueva Era, Paoay, San Nicolas, Bangui, Batac city, Dingras, Pasuquin, Marcos, Piddig, Laoag city, Bacarra, Sarrat, Currimao, Pagudpud (Ilicos Norte), Luna (La Union), Sta.Terisita (Cagayan)","18/07/2008","31130","147","2"
267,"--","--","Philippines","Tropical cyclone","Storm","2008-0623","29/09/2008","0","PHL","Nueva Ecija, Pampanga, Candaba","29/09/2008","27683","0","1"
268,"Slide (land, mud, sn","Flood","Philippines","Tropical cyclone","Storm","2009-0165","10/05/2009","0","PHL","Aringay, Agoo, Bacnotan, Bagulin, Bauang, Burgos, Caba, Naguillian Pugo, Rosario, San Gabriel, San Juan, Sto Thomas, Tubao, San Fernando city (La Union province); Anda, Agno, Bani, Bolinao, Dasol, Infanta, Lingayan, Mabini, Sta Barbara, Sual, Alaminos city, Dagupan city (Pangasinan province); Ambaguio, Bagabag, Bambang, Bayombong, Dupax del Sur, Solano, Sta Fe (Nueva Vizcaya province); Aurora, Cabaruan, Cordon, Delfin Albano, Ilagan, Luna, Quirino, Ramon, Reina Mercedes, Cauayan city, Santiago city (Isabela province); Cabarroguis, Saguiday (Quirino province), Rizal (Cagayan province); Sta Cruz, Olongapo city (Zambales province); Guagua (Pampanga province); Kiangan, Asipulo, Lamut, Lagawe, Hingyon, Hungduan, Tinoc, Aguinaldo, Alfonso Lista (Ifugao province); Pinukpuk, Lubuagan (Kalinga province); Baguio city (Benguet province)","07/05/2009","401007","30342","77"
269,"Flood","Slide (land, mud, sn","Philippines","Tropical cyclone","Storm","2009-0174","05/05/2009","0","PHL","Albay, Camarines Norte, Camarines Sur, Catanduanes, Sorsogon, Masbate provinces","29/04/2009","383465","25810","29"
270,"--","--","Philippines","Convective storm","Storm","2009-0193","15/05/2009","0","PHL","Brgy Damatog (North Kabuntalan, Maguindanao)","15/05/2009","100","5","0"
271,"Slide (land, mud, sn","Surge","Philippines","Tropical cyclone","Storm","2009-0239","26/07/2009","0","PHL","Metro Manila (NCR), Pampanga (Region III), Batangas, Cavite, Quezon (Region IV-A), Romblon, Oriental Mindoro, Occidental Mindoro, Marinduque (Region IV-B), Albay, Camarines Sur, Masbate (Region V), Antique (Region VI), Cebu (Region VII), Leyte, Biliran, Western, Eastern and Northern Samar (Region VIII)","23/07/2009","110405","4281","16"
272,"--","--","Philippines","Tropical cyclone","Storm","2009-0265","18/07/2009","0","PHL","Dingras, Nueva Era, Paoay, Batac, Adams, Pinili, Piddig, San Nicolas, Banna, Marcos, Solsona, Sarrat, Pasuqion (Ilocos Norte municipality, Region I); Naic, Kawit, Noveleta, Bacoor, Cavite city (Cabite municipality), San Mateo, Rodriguez (Rizal municipality) (Region IV-A); Passig, Las Pinas, Marikina, Quezon, Taguig cities (Metro Manila muncipality, NCR Region)","18/07/2009","248058","0","5"
273,"Slide (land, mud, sn","Flood","Philippines","Tropical cyclone","Storm","2009-0321","08/08/2009","0","PHL","Bagio city, Benguet, Capas, Tarlac, Bautista, Pangasingan, Botolan, Zambales, Mandaluyong city (Central and Northern Luzon)","04/08/2009","94229","25000","26"
274,"Slide (land, mud, sn","--","Philippines","Tropical cyclone","Storm","2009-0360","08/09/2009","0","PHL","Botolan (Zamables); Pilar, Morong, Hermosa, Dinalupihan (Bataan) - Region III; Sibalom (Antique); San Erique, Pontevedra, La Carlota City, Valladolid, Hinigaran (Negros Occidental) - Region VI; Bayawan city (Negros Oriental) - Region VII","02/09/2009","95700","0","1"
275,"Flood","Slide (land, mud, sn","Philippines","Tropical cyclone","Storm","2009-0373","09/09/2009","0","PHL","Botolan, Iba, San Antonio, San Felipe, San Marcelino (Zambales); Abucay, Bagac, Dinalupihan, Hermosa, Morong, Pilar, Samal (Battan); Apalit, Arayat, Bacolor, Floridabanca, Guagua, Lubao, Masantol, Mexico, Minalin, San Luis, Sasmuan, Stanta Ana, Santo Thomas (Pampanga); Balagtas, Calumpit, Guiguinto, Marilao, Meycauayan, San Miguel (Bulacan) - Region III; Calamba city (Calamba) - Region IV","08/09/2009","388373","6303","15"
276,"Flood","Slide (land, mud, sn","Philippines","Tropical cyclone","Storm","2009-0374","13/09/2009","0","PHL","Santa Teresita (Cagayan) - Region II; Silang (Cavite); Santa Cruz, Bay, Los Banos, Santa Rosa, Calamba, Banan, San Pedro (Laguna) - Region IV; Pasil (Kalinga) - CAR","12/09/2009","48333","0","3"
277,"Flood","--","Philippines","Tropical cyclone","Storm","2009-0414","27/09/2009","0","PHL","Bolinao, Sual, Dagupan city (Pangasinan, Region I); Rizal, Cabarroguis (Quirino, Region II); Mandaluyong, Manila, Marikina, Muntinlupa, Navotas, Paranaque, Pasig, Las Pinas, Caloocan, Makati, Valenzuela, Malabon, Pateros, Quezon, Taguig, San Juan, Pasay cities (NCR, Region II); Balanga city, Orani, Mariveles, Hermosa (Bataan, Region III); Angat, Balagtas, Baliwag, Bocaue, Bulacan, Bustos, Calumpit, Guiguinto, Hagonoy, Malolos, Marilao, Meycauayan, Plaridel, San Miguel (Bulacan, Region III); Arayal, Bacolor, Lubao, Mabelacat, San Simon, San Luis, San Fernando city, Sto.Tomas, Floridablanca, Sta.Rita (Pampanga, Region III); Licab (Nueva Ecija, Region III); Calaca, Nasugbu, Lemery, Balayan, Bauan, Laurel, Tanauan city, Talisay (Batangas, Region IV-A); Pengil, Alaminos, Paete, Los Banos, Cabuyao, Bay, Lumban, Pila, Pakil, Victoria, Calamba city, Sta.Cruz (Laguna, Region IV-A); Tanay, Taytay, Angono, Morong, Rodriguez, San Mateo, Antipolo city, Teresa (Rizal, Region IV-A); GMA, Ge,.Trias, Carmona, Noveleta, Rosario, Tanza, Imus, Silang Bulihan, Maragondon, Ternate, Naic, Bacoor, Dasmarinas, Cavite city (Cavite, Region IV-A); Infanta (Quezon, Region IV-A); Magsaysay, San Jose (OCC Mindoro, Region IV-B); Naga city, Sangay, Pasacao (Camarines Sur, Region V); San Pascuan (Masbate, Region V), Pioduran (Albay, Region V); Pilar (Sorgoson, Region V); Zamboanga city (Zamboanga Del Sur, Region IX); Kalamasig (Sultan Kudarat, Region XII); Kabugao (Apayo, CAR); Kabayan (Benguet, CAR)","24/09/2009","4901763","237489","501"
278,"Flood","Slide (land, mud, sn","Philippines","Tropical cyclone","Storm","2009-0422","10/10/2009","0","PHL","NCR; La Union, Pangasinan, Ilocos Norte, Ilocos Sur, (Region I); Isabela, Nueva Vizcaya, Cayagan (Region II); Aurora, Bulacan, Pampanga, Zambales, Nueva Ecija, Tarlac (Region III); Quezon, (Region IV-A); Albay, Camarines Sur, Catanduanes, Sorsogon (Region V); Negros Occidental (Region VI); Apayao, Mt.Province, Kalinga, Benguet, Abra (CAR)","29/09/2009","4478491","585379","512"
279,"Slide (land, mud, sn","--","Philippines","Tropical cyclone","Storm","2009-0478","28/10/2009","0","PHL","NCR; Aurora, Bataan, Bulacan (Region III); Batangas, Cavite, Laguna, Quezon, Rizal (Region IV-A); Occidental Mindoro, Oriental Mindoro (REgion IV-B); Albay, Camarines Norte, Damarines Sur (Region V)","28/10/2009","802175","15194","39"
280,"Slide (land, mud, sn","--","Philippines","Tropical cyclone","Storm","2009-0521","25/11/2009","0","PHL","Agusan del Norte province (Caraga); Region VII; Region X","25/11/2009","48142","12","4"
281,"Flood","--","Philippines","Tropical cyclone","Storm","2009-0606","03/08/2009","0","PHL","Panay, Negros, Mindanao Islands","01/08/2009","221422","2888","14"
282,"Flood","--","Philippines","Tropical cyclone","Storm","2010-0308","15/07/2010","0","PHL","","12/07/2010","585474","8675","146"
283,"Transport accidents","--","Philippines","Tropical cyclone","Storm","2010-0383","09/08/2010","0","PHL","Sitio Sabitan, Santo Rosario, Malolos city, Bulacan (REgion III); Navostas West, Navotas city (NCR); REgion IV-B","09/08/2010","1045","0","31"
284,"--","--","Philippines","Tropical cyclone","Storm","2010-0543","18/10/2010","0","PHL","Aringuay, Bangar (La Union, Ilocos region); Bolinao (Pangasinan); Aparri, Claveria, Gonzaga, Iguig, Lasam, Rizal, Santa Aba, Santa Praxedes, Santa Teresita, Santo NIno, Tiao (Cagayan, Cagayan Valley); Dinapigue, Divilacan, San Mariano, Santa Maria (Isabela); Casiguran, Dilasag, Dinalungan (Auroa, Central Luzon); Bagio city, Itogon, La Trinidad, Tublay (Benguet, CAR); Pinukbuk, Tabuk (Kalinga, CAR); Tadian (Mountain province, CAR)","18/10/2010","2009026","275745","35"
285,"Flood","Slide (land, mud, sn","Philippines","Tropical cyclone","Storm","2011-0157","11/05/2011","0","PHL","NCR; Bulacan, Zambales (Region III); Albay, Camarines Norte, Camarines Sur, Masbate, Sorsogon (Region V);  Cebu (Region VII); Eastern Samar, Leyte, Northern Samar, Western Samar (Region VIII)","08/05/2011","430092","31259","37"
286,"Flood","Slide (land, mud, sn","Philippines","Tropical cyclone","Storm","2011-0203","10/06/2011","0","PHL","Region IV-A, IV-B, III, NCR","09/06/2011","1152","0","9"
287,"Flood","Slide (land, mud, sn","Philippines","Tropical cyclone","Storm","2011-0231","25/06/2011","0","PHL","NCR; Pangasinan (REgion I - Ilocos Norte); Bataan, Bulacan, Nueva Ecija, Pampanga, Tarlac, Zambales (Region III - Central Luzon); Batangas, Cavite, Rizal (Region IV-A - Calabarzon); Albay, Camarines Sur (Region V - Bicol Region)","21/06/2011","1700089","12869","20"
288,"Flood","Slide (land, mud, sn","Philippines","Tropical cyclone","Storm","2011-0272","27/07/2011","0","PHL","La Pinas (NCR); Nueva Ecija (Region III); Cavite, Quezon (Region IV-A); Marinduque (Region IV-B); Albay, Catanduanes, Camarines Sur, Camarinas Norte, Sorsogon, Masbate (Region V); Iloilo (Region IV); Siquijor (Region VII); Leyte (Region VIII); Ifugao (CAR)","26/07/2011","1108224","63258","84"
289,"Flood","Slide (land, mud, sn","Philippines","Tropical cyclone","Storm","2011-0279","02/08/2011","0","PHL","Mandaluyong, Marikina, Quezon, San Juan cities (NCR); Japalit (Pampanga), Paniqui (Tarlac) - Region III; Calatagan, Malvar (Batangas), Antopolo city, Rodriguez, San Mateo (Rizal) - Region IV","02/08/2011","8423","59","11"
290,"--","--","Philippines","Tropical cyclone","Storm","2011-0341","29/08/2011","0","PHL","Quezon city (NCR); Pangasinan, Ilocos Norte, Ilocos Sur (Region I); Zambales, Bulacan (Region III); Iloilo (Region IV); Benguet, Abra, Mt Province (CAR); Catanduanes (REhion IV); Zambagua del Sur (Rehion IX)","27/08/2011","403230","34452","43"
291,"Slide (land, mud, sn","--","Philippines","Tropical cyclone","Storm","2011-0378","01/10/2011","0","PHL","Ilocos Sur, La Union, Pangasinan (Region I - ILOCOS Region); Cagayan, Isabela, Nueva Vizcaya, Quirino (Region II - Cagayan Valley); Aurora, Bulacan, Nueva Ecija, Pampanga, Tarlac, Zambales (Region III - Central Luzon); Apayao, Benguet, Ifugao, Kalinga, Mountain Province (CAR Region);","01/10/2011","1113775","2655","25"
292,"--","--","Philippines","Tropical cyclone","Storm","2011-0379","24/09/2011","0","PHL","NCR; Ilocos Norte, Ilocos Sur, Pangasinan (Region I - Ilocos region); Cagayan, Isabela, Nueva Vizcaya, Quirino (Region II - Cagayan Valley); Aurora, Bataan, Bulacan, Nueva Ecija, Pampanga, Tarlac, Zambales (Region III - Central Luzon); Batangas, Cavite, Laguna, Quezon, Rizal (Region IV-A - Calabarzon); Occidental Mindoro, Oriental Mindoro, Romblon (Region IV-B - Mimaropa); Albay, Camarines Norte, Camarines Sur, Catanduanes (Region V - Bicol); Antique, Iloilo (Region VI - Western Visayas); Abra, Apayao, Benguet, Ifugao, Kalinga, Mountain Province (Region IV) ","24/09/2011","3030846","344173","103"
293,"--","--","Philippines","Tropical cyclone","Storm","2011-0384","13/10/2011","0","PHL","Oriental Mindoro, Romblon (Region IV-B - Mimaropa); Capiz, Iloilo, Negros Occidental (Region VI - Western Visayas); Cebu (Region VII - Central Visayas); Southern Leyte (Region VIII - Eastern Visayas); Misamis Oriental (Region X - Northern Mindanao); South Cotabato (Region XII - Soccskargen); Dinagat Isl. (Region XIII - Caraga)","13/10/2011","75638","0","11"
294,"Flood","Slide (land, mud, sn","Philippines","Tropical cyclone","Storm","2011-0519","18/12/2011","0","PHL","Cagayan de Oro (Mindanao); Negros Oriental, Czbu (Region VII); Zamboanga del Norte (Region IX); Misamis Oriental, Lanao del Norte, Bukidnon (Region X); Compostela Valley (Region XI); Surigao del Sur (Caraga); Lanao del Sur (ARMM)","15/12/2011","1150300","38082","1439"
295,"Flood","--","Philippines","Tropical cyclone","Storm","2011-0555","29/05/2011","0","PHL","Taguig city (NCR); Isabela (Region II - Cagayan valley); Albay, Camarines Norte, Camarines Sur, Catanduanes, Sorsogon (Region V - Bicol region); Zamboanga del Sur (Region IX - Zamboanga Peninsula ); Bukidnon (Region X - Northern Mindanao); Compostela valley, Davao del Norte (Region XI - Davao region); Lanao del Sur, Maguindanao (ARMM)","20/05/2011","446907","431","0"
296,"--","--","Philippines","Tropical cyclone","Storm","2011-0576","24/06/2011","0","PHL","","19/06/2011","0","0","0"
297,"Flood","--","Philippines","Tropical cyclone","Storm","2012-0260","07/08/2012","0","PHL","ICR; Locos Sur, Pangasinan (Region I - Ilocos region); Cagayan (REgion II - Cagayan Valley); Bataan, Bulacan, Nueva Ecija, Pampanga, Tarlac (Region III - Central Luzon; Batangas, Cavite, Laguna, Zal Region IV-A - Calabarzon); Occidental Mindoro (Region IV-B - Mimaropa); Klan, Antique, Loilo, Negros Occidental (Region VI - Western Visayas); Cebu (Region VII - Central Visayas); Lanao del Norte, Misamis Oriental (REion X - Northern Mindanao); Cotabato (Region XII - Soccsksargen); Benguet, Ifugao, Kalinga, Mountain province (CAR);","31/07/2012","949086","9821","58"
298,"--","--","Philippines","Tropical cyclone","Storm","2012-0294","17/08/2012","0","PHL","","17/08/2012","0","3000","4"
299,"Flood","--","Philippines","Tropical cyclone","Storm","2012-0296","21/08/2012","0","PHL","La Union (Region I)","20/08/2012","5607","99","11"
300,"Flood","--","Philippines","Tropical cyclone","Storm","2012-0374","24/09/2012","0","PHL","Muntinlupa city (BRC); Zamboanga del Norte","21/09/2012","7921","0","4"
301,"Slide (land, mud, sn","Flood","Philippines","Tropical cyclone","Storm","2012-0406","25/10/2012","0","PHL","","25/10/2012","108040","1339","36"
302,"--","--","Philippines","Tropical cyclone","Storm","2012-0434","14/09/2012","0","PHL","NCR, Region III","13/09/2012","1234","0","1"
303,"--","--","Philippines","Tropical cyclone","Storm","2012-0463","03/10/2012","0","PHL","Zambales (Region III), Occidental Mindoro (Region IV-B)","03/10/2012","322","0","0"
304,"--","--","Philippines","Tropical cyclone","Storm","2012-0500","04/12/2012","0","PHL","Davao Oriental, Compostela Valley","04/12/2012","6246664","898352","1901"
305,"Flood","Surge","Philippines","Tropical cyclone","Storm","2012-0540","27/12/2012","0","PHL","Mimaropa (Region IV-B); Bicol (Region V); Western Visayas (Region VI); CEntral Visayas (REgion VII); Eastern Visayas (REgion VIII)","25/12/2012","241606","5526","24"
306,"Flood","--","Philippines","Tropical cyclone","Storm","2013-0036","10/01/2013","0","PHL","Palawan, Oriental Mindoro provinces (Region IV-B -Mimaropa); Zamboanga del Norte (Region IX - Zamboanga peninsula); Compostela Valley, Davao del Norte (Region XI - Dvao region)","03/01/2013","10597","0","1"
307,"--","--","Philippines","Tropical cyclone","Storm","2013-0258","30/06/2013","0","PHL","Visayas, Luzon","30/06/2013","3596","1000","7"
308,"--","--","Philippines","Tropical cyclone","Storm","2013-0272","15/08/2013","0","PHL","Ilocos Region, Cagayan Valley; Central Luzon; Aurora  province","12/08/2013","395730","32431","18"
309,"Slide (land, mud, sn","Flood","Philippines","Tropical cyclone","Storm","2013-0373","22/09/2013","0","PHL","Baccara, Solsona, Pagydpud, Ilocos Norte, Dagupan city, Pangasinan (Region I); Tuba, Benguet (Region CAR; Paniqui, Tarlac, Dingalan, Aurora (Region III); Santa Cruz, Laguna, Talisay, Batangas, Isla Verde (Region IV-A); Lubang, Mansalay, Oriental Mindoro, Occidental Mindoro (Region IV-B); Caramoran, Catanduanes (Region V); Jordan, Guimaras, Bago city, Negros Occidental (Region VI)","21/09/2013","72696","0","5"
310,"--","--","Philippines","Tropical cyclone","Storm","2013-0378","21/02/2013","0","PHL","Oriental Mindoro (Rehion IV-B); Region VII; Leyte (Region VII); Zamboanga del Norte (Region IX); Bukidnon, Lanao del Norte  (Region X); Compostela Valley, Davao del Norte, Davao del Sur, Davo Oriental (Region XI); Cotabato (Region XII); Agusan del Norte, ARMM, Maguindanao (Region XIII)","20/02/2013","262884","1680","6"
311,"Flood","--","Philippines","Tropical cyclone","Storm","2013-0430","14/10/2013","0","PHL","Aurora, Bulacan, Nueva Ecija, Nueva Vizcaya, Pampanga, Pangasinan, Tarlac, Zambales provinces (Central Luzon)","12/10/2013","871755","96723","20"
312,"Surge","--","Philippines","Tropical cyclone","Storm","2013-0433","08/11/2013","700000","PHL","Samar, Leyte, Cebu, Iloilo, Capiz, Aklan and Palawan provinces","08/11/2013","16106870","10000000","7354"
313,"Flood","--","Philippines","Tropical cyclone","Storm","2013-0437","31/10/2013","0","PHL","Ilocos Norte, Cagayan, Apayao (Luzon island)","31/10/2013","220443","4729","4"
314,"Flood","Slide (land, mud, sn","Philippines","Tropical cyclone","Storm","2014-0020","20/01/2014","0","PHL","Budidnon, Camiguin, Lanao del Norte, Misamis Oriental, Misamis Occidental (Region X, Northern Mindanao); Compostela Valley, Davao del Norte, Davao del Sur, Davao Oriental (Region XI, Davao Region);  Cotabato (Region XII, Soccsksargen); Agusan del Norte, Agusan del Sur, Dinagat Islands, Sutigao del Norte, Surigao del Sur, ARMM (Region XIII, Caraga)","19/01/2014","1148707","12591","79"
315,"Flood","Slide (land, mud, sn","Philippines","Tropical cyclone","Storm","2014-0055","01/02/2014","0","PHL","Antiqu, Negros Occidental (Rrgion VI, Western VIsayas); Cebu (Region VII, Central Visayas); Biliran, Leyte, Southern Leyte (Region VIII, Eastern Visayas); Agusan del Norte, Dinagat Isl., Surigao del Norte (Region XIII, Caraga)","31/01/2014","47740","3200","6"
316,"Flood","Slide (land, mud, sn","Philippines","Tropical cyclone","Storm","2014-0227","15/07/2014","0","PHL","Navotas city, Las pinas, Pasig, Pasay, Paranaque, Mandaluyong, Quezon city, Muntinlupa, Malabon, Marikina, Manila, Taguig, Caloolan city, Valenzuela (NCR); Regions III, IV-A, IV-B, V and VIII, Albay and Camarines Sur, Naga city.","15/07/2014","4654966","820576","111"
317,"Rain","Slide (land, mud, sn","Philippines","Tropical cyclone","Storm","2014-0240","23/07/2014","0","PHL","Region II, Batanes province, Cagayan province, Region IV-A, Region IV-B, Rodriguez Rown, Rizal province.","22/07/2014","683","0","2"
318,"Slide (land, mud, sn","Transport accidents","Philippines","Tropical cyclone","Storm","2014-0330","22/09/2014","0","PHL","Papamga, Dagupan city (Pangasinan), Pangasinan 1-Lingayen, Manilla","17/09/2014","2052157","75783","22"
319,"Transport accidents","Flood","Philippines","Tropical cyclone","Storm","2014-0390","16/09/2014","0","PHL","NCR; Ilocos Norte, La Union, Pangasonan (Region I - Ilocos REgion); Cagayan, Isabela, Nueva Vizcaya (Region II - Cagayan valley); Aurora, Bataan, Bulacan, Nueva Ecija, Pampanga, Tarlac, Zambales (Region III - Central Luzon); Negros Occidental (Region VI - Western Visayas); Rizal (Region IV-A - Calabarzon); Apayao, Benguet, Kalinga, Mountain province (CAR)","10/09/2014","431086","19183","4"
320,"Flood","--","Philippines","Tropical cyclone","Storm","2014-0474","28/11/2014","0","PHL","Palawan (region IV-B, Mimaropa); Negros Occidental (Region VI, Western Visayas); Bohol, Cebu, Negros Oriental (Region VII, Central Visayas); Southern Leyte (Region VIII, Eastern Visayas); Misamis Occidental, Misamis Oriental (Region X, Nothern Mindanao); Davao del Sur (Region XI, Davao region); Dinagat Isl., Surigao del Norte, Surigao del Sur (Region XIII, Caraga)","27/11/2014","4695","0","12"
321,"Slide (land, mud, sn","Flood","Philippines","Tropical cyclone","Storm","2014-0479","12/12/2014","0","PHL","NCR; Battan (Region III (Central Luzon); Barangas, Cavite, Laguna, Quezon, Rizal (Region IV-A, Calabarzon); Marinduque, Occidental Mindoro, Oriental MIndoro, Palawan, Romblon (Region IV-B, Mimaropa); Albay, Camarines Norte, Camarines Sur, Catanduanes, Masbate, Sorsogon (Region V, Bicol region); Aklan, Antique, Capiz, Guimaras, Iloilo, Negros Occidental (Region VI, Wesern Visayas); Bohol, Cebu, Negros Oriental, Soquijor (Region VII, Central Visayas); Biliran, Eastern Samar, Leyte, Northern Samar, Western Samar, Southern Leyte (Region VIII, Eastern Visayas); Agusan del NOrte, Agusan del Sur, Surigao del Sur, Surigao del nOrte, Surigao del Sur (REgion XIII, CAraga)","12/12/2014","4150400","113878","18"
322,"Slide (land, mud, sn","--","Philippines","Tropical cyclone","Storm","2014-0497","31/12/2014","0","PHL","Palawan (Region IV-Mimaropa); Antique, Capiz, Negros Occidental (Region IV-Western Visayas); Bohol, Cebu, Siquijor (Region VII - Central Visayas); Leyte, Western Samar, Southern Leyte (Region VIII - Eastern Visayas); Zamboanga del Sur (Region IX - Zamboanga Peninsula); Bukidnon, Camiguion, Lanao del Norte, Misamis Oriental (Region X - Northern Mindanao); Compostela Valley, Davao del Norte, Davao Oriental (Region - Davao Region); Agusan del NOrte, Agusan del Sur, Dinagat Islands, Surigao del Norte, Surigao del Sur (Region XIII - Caraga)","28/12/2014","578549","17688","72"
323,"Flood","Slide (land, mud, sn","Philippines","Tropical cyclone","Storm","2015-0017","19/01/2015","0","PHL","Albayn Camarines Norte, Catanduanes, Sorsogon (Region V - Bicol region); Cebu (Region VII - Central Visayas); Eastern Samar, Western Samar (Region VIII - Eastern Visayas)","19/01/2015","21687","680","2"
324,"--","--","Philippines","Tropical cyclone","Storm","2015-0105","06/04/2015","0","PHL","Isabela (Region II, Cagayan Valley); Aurora (Region III, Central Luzon)","06/04/2015","2761","0","0"
325,"--","--","Philippines","Tropical cyclone","Storm","2015-0176","11/05/2015","0","PHL","Benito Soliven, Dinapigue, Dilvilacan, Maconacon, Palanan (Isabela province); Aparri, Buguey, Calayan, Gonzaga, Santa Ana, Santa Teresita (Cagayan province)","11/05/2015","523","348","2"
326,"--","--","Philippines","Tropical cyclone","Storm","2015-0244","12/07/2015","0","PHL","","12/07/2015","0","0","5"
327,"Slide (land, mud, sn","--","Philippines","Tropical cyclone","Storm","2015-0278","05/07/2015","0","PHL","Ilocos Norte, Ilocos Sur, La Union (Region 1); Palawan (Region IV-B), Benguet, Abra, Lainga (CAR)","04/07/2015","55567","0","0"
